n, p, k, data_gen, fit_iter, recovery_pop_train, recovery_pop_test, mse_pop_train, mse_pop_test, recovery_cluster_train, recovery_cluster_test, mse_cluster_train, mse_cluster_test, recovery_notmad_notears_train, recovery_notmad_notears_test, mse_notmad_notears_train, mse_notmad_notears_test, recovery_notmad_dagma_train, recovery_notmad_dagma_test, mse_notmad_dagma_train, mse_notmad_dagma_test, recovery_notmad_poly_train, recovery_notmad_poly_test, mse_notmad_poly_train, mse_notmad_poly_test
100, 4, 4, 0, 0, 3.1997995367447905, 2.630116379493154, 0.07212943296834287, 0.036143213020944455, 3.223034858529272, 2.6520767310637163, 0.0744565608576355, 0.037924278003058316, 2.7948374772199247, 2.288312943790611, 0.027619567039375216, 0.01089636278526952, 2.8333007083432804, 2.27808705411562, 0.06332668277841638, 0.02932527089322662, 3.182187526897021, 2.6127454643777637, 0.07168385602586773, 0.03572966198526827
100, 4, 4, 0, 1, 3.2617748337316184, 2.6914409822548033, 0.07384760060052903, 0.03757338938985459, 3.2150348894551075, 2.652499387452448, 0.07437450248433503, 0.03767969562666656, 2.679159064894933, 2.2149996629587, 0.0466187626347546, 0.019806326552267044, 2.8944549601100604, 2.354799450961165, 0.06307490190162376, 0.029811575290533854, 3.16923687898929, 2.599972240645876, 0.07145237454361592, 0.03551269636104374
100, 4, 4, 0, 2, 3.2036078889352257, 2.6328467489865215, 0.07247298237499039, 0.03637434072600725, 3.2267727024073216, 2.656772626052282, 0.07451703924138567, 0.03775456357190124, 2.9796417862567433, 2.4171625284674603, 0.06696862033895498, 0.031921718935294344, 2.9015905113894243, 2.3581889591685443, 0.06536415834540138, 0.031080165382883124, 3.158960965537201, 2.5884996512612, 0.07136603648559266, 0.035364484751604246
100, 4, 4, 1, 0, 3.172846676065254, 4.691715082787661, 0.044255291614181826, 0.03964824631932972, 3.178878016791947, 4.698277092153381, 0.04544156658443767, 0.04079844373138188, 2.9371427425875622, 4.353703057988527, 0.03395040580464703, 0.028730057527540816, 3.0333869813279764, 4.541691468613907, 0.041825850017985076, 0.036596046809381014, 3.1319141027466477, 4.649749551267205, 0.04364692451713292, 0.03882524130664575
100, 4, 4, 1, 1, 3.1782712177474246, 4.698303290188546, 0.044488080144024035, 0.03979212624082223, 3.1750607026447453, 4.69522970301012, 0.045572185399238116, 0.04072337727986541, 3.1115633739557005, 4.552915692328287, 0.032137582709748425, 0.028454180216538106, 3.117872876904293, 4.634224546497547, 0.043408922455957274, 0.03844840407335066, 3.1700133990234916, 4.687746915878231, 0.04399974652336795, 0.039225784363412265
100, 4, 4, 1, 2, 3.2073684289573565, 4.7264799901563395, 0.04484212060858331, 0.040301449758527404, 3.17815215611131, 4.698114610537998, 0.04547083824663458, 0.04078182549273863, 3.01608828887841, 4.53565495531791, 0.04209891999088793, 0.03686853121921278, 2.9953131489225426, 4.510197638765896, 0.041569380755584626, 0.03610221913528788, 3.1546060214410416, 4.673642477230086, 0.04397051056085269, 0.039186037467768754
100, 4, 4, 2, 0, 3.2107474476438638, 4.218476137909069, 0.0894112118369053, 0.16895841154445837, 3.2355552175088023, 4.235068272344936, 0.09177417452263383, 0.17284317201900945, 3.211491075810147, 4.13934699840209, 0.04428748449066139, 0.08523391997465138, 3.001649416834133, 3.9938911527163485, 0.0821893584721842, 0.1561251768197418, 3.186001483295446, 4.193613436975654, 0.08875588436380759, 0.16794835997516303
100, 4, 4, 2, 1, 3.2109941543271434, 4.218624780450853, 0.08935893933376032, 0.16867344459731284, 3.2289592350486465, 4.241707921747754, 0.09181994450908376, 0.17328100053209003, 3.0447333126178733, 3.940325568029097, 0.04895958418250419, 0.09313663602275143, 2.836515542379164, 3.843596574975533, 0.0731041370023857, 0.141029774645987, 3.1927565877514077, 4.200855986179484, 0.08885006611557127, 0.16804807313353995
100, 4, 4, 2, 2, 3.200930947390883, 4.208529649949837, 0.08934544880082514, 0.16890452501400033, 3.226001923098676, 4.227893051812868, 0.09196868669871605, 0.1731500032334097, 2.834835974961413, 3.700052584796328, 0.039206620620515026, 0.07608911922349887, 2.919116597786827, 3.9150480038516844, 0.07810466295222446, 0.14941746339269527, 3.171613065642216, 4.174720484684525, 0.0877310440109679, 0.1659451693853826
100, 4, 8, 0, 0, 3.3882537762521547, 3.3293284097126494, 0.08728970905983158, 0.35372454057414476, 3.333212303631053, 3.27246741327278, 0.08931311837881155, 0.35786084973761956, 3.3760548824800787, 3.3543912166114125, 0.028978209319408706, 0.09805459646802736, 3.1560969732962, 3.1011800176235793, 0.0778315311117352, 0.319491697958217, 3.279659729274549, 3.218141974994978, 0.08568064172104506, 0.34764725446150435
100, 4, 8, 0, 1, 3.361608745044267, 3.3019536298782106, 0.08702204690245567, 0.35262357904485947, 3.3340348542503384, 3.273628005559971, 0.08926256325670012, 0.3568814208961093, 3.0051312263133014, 2.9681222940061605, 0.042421138452893414, 0.17569129442709372, 3.322168565206569, 3.3032042949773768, 0.05480145410408242, 0.2570288537262509, 3.306180661157612, 3.2461996281305945, 0.08574367027807253, 0.3492628277342951
100, 4, 8, 0, 2, 3.324109590724654, 3.2622264071942397, 0.08796022313132762, 0.355235947541993, 3.3197602023986788, 3.2593410188659697, 0.08914139399695063, 0.35871391288454496, 3.297217386943012, 3.233942363744377, 0.05707543867842069, 0.24463783366799005, 3.125116939586495, 3.0792931113704904, 0.07084879240457957, 0.30489921964454325, 3.292057095562756, 3.2321839971528568, 0.08530453815961471, 0.3472962013054521
100, 4, 8, 1, 0, 3.2011140268914917, 3.0626399101673, 0.0779634328043362, 0.034194798757293504, 3.162632319501277, 3.020680452086014, 0.08067158868537168, 0.03527231143955884, 3.0056387275615646, 2.943395160450909, 0.02680186830067898, 0.019121096500187822, 2.758842351821863, 2.6148326381438327, 0.06624847894915545, 0.026940447141164784, 3.136114088431312, 2.9952584458638043, 0.07709154543040846, 0.033120997937566274
100, 4, 8, 1, 1, 3.1400352159866203, 2.9970898080234742, 0.07812388478183076, 0.033521617630501196, 3.143271076666002, 3.000623139320157, 0.08085193224719271, 0.03530908500817218, 3.078705717368036, 3.0166531768437848, 0.04287891857256005, 0.02310540949593438, 3.0221350106158056, 2.8758149479259627, 0.07216451611583281, 0.03167737646239266, 3.1170747725947914, 2.972944193461555, 0.077040335910027, 0.03302333266688307
100, 4, 8, 1, 2, 3.146350849326727, 3.003885980457621, 0.07856746539870148, 0.033661133598185684, 3.1702371705607226, 3.0301580660653915, 0.08070693412466301, 0.03514658856566691, 3.140246847070612, 3.034188599222842, 0.0535617428084211, 0.02770794645298646, 3.0420587945821547, 2.8944674370499723, 0.07432304807577286, 0.032014899371991555, 3.1074135653535633, 2.963092823620702, 0.07688364510603964, 0.03299749423275291
100, 4, 8, 2, 0, 3.5347072712144834, 4.627438468222186, 0.12710077356917832, 0.5548292392352155, 3.5611219133567444, 4.660525297573199, 0.12848515442972216, 0.562261952000321, 3.156576096270247, 4.188459510728298, 0.10530507915874979, 0.3986840791313922, 3.3246543685052883, 4.456943714589506, 0.1206991728696495, 0.5116257452311149, 3.526909497449515, 4.621490230708679, 0.1270104882295368, 0.5546401068281185
100, 4, 8, 2, 1, 3.5359032518228313, 4.627810985399894, 0.1270666007126674, 0.5547445049682398, 3.5545984721978012, 4.647904562211925, 0.12862386228849546, 0.5622112249098905, 3.308968320179378, 4.389336760938119, 0.10363396225496532, 0.40167592980401007, 3.218770660248269, 4.343655996086663, 0.11790175833048763, 0.4862357271226317, 3.512628755873428, 4.610583342541014, 0.12684212846516466, 0.5532748925255448
100, 4, 8, 2, 2, 3.4905305893014553, 4.584617153120037, 0.12672561036246385, 0.5540274687145207, 3.562674831906475, 4.662996286131653, 0.12865237893075138, 0.5619897159856312, 3.4180261242144017, 4.5278284446046415, 0.12220300869875371, 0.5242591191668233, 3.349063214168644, 4.4625917832460065, 0.1216238362292158, 0.5190842169411679, 3.5169771817007724, 4.616992773817748, 0.1267224901601007, 0.5528417369691362
100, 4, 16, 0, 0, 2.6973935687536987, 3.5639369227916617, 0.04296711784708668, 0.061110708580384095, 2.6958969568958153, 3.5650255120223595, 0.044662425652289006, 0.06275950853656362, 2.3953590226334702, 3.2717692672043444, 0.032843884838037816, 0.053745050872661085, 2.630643922085094, 3.4989974816596225, 0.04150939991566553, 0.05982566702641199, 2.6065628200286657, 3.492081445304335, 0.04136820970682633, 0.06031371935366788
100, 4, 16, 0, 1, 2.71673013574116, 3.5822071100301907, 0.04307694992076298, 0.06120714085325026, 2.705877543194128, 3.573817109252373, 0.044429525305696924, 0.06272400752953497, 2.3970249070704144, 3.3021600669978266, 0.034583839304596894, 0.05457898991588355, 2.6143934094227577, 3.4945827032400385, 0.04161302082427788, 0.06027510176597605, 2.615875903966342, 3.486899058549339, 0.041506695044127954, 0.059852776239603514
100, 4, 16, 0, 2, 2.713227474600064, 3.573757034468353, 0.04305541231253327, 0.06104304560840314, 2.6996683271516524, 3.5685468215006435, 0.04443074079983504, 0.06273420096396941, 2.4647360512522054, 3.30359694705019, 0.03186839991006491, 0.05183937728589717, 2.5259935018320068, 3.410045988668443, 0.039879327342993195, 0.058777072865208314, 2.590303118063617, 3.4791464666070073, 0.041284507268752324, 0.06009216258595295
100, 4, 16, 1, 0, 3.1028696050881357, 3.7529553111172262, 0.06352105395011563, 0.1596500828098413, 3.1055946675232327, 3.754591663506527, 0.06531608111991972, 0.16321178287101662, 3.00831823550337, 3.660532087357824, 0.06105362713799618, 0.15889985386519834, 2.966452662755152, 3.6146034337451307, 0.06002999163148179, 0.1594699585948205, 2.9779100936643035, 3.624980382986729, 0.060186057412895726, 0.1570399940928967
100, 4, 16, 1, 1, 3.0916060973753483, 3.741430895311099, 0.0633733092991774, 0.16009138694575792, 3.11005811851981, 3.7606766456435614, 0.06518803159227572, 0.1627032244142725, 2.7721982161053695, 3.347560012197071, 0.03607788842257662, 0.11727130384457994, 2.914991622366941, 3.569893075102396, 0.05897891268045853, 0.1584367434040159, 2.9739413738245837, 3.625174667769568, 0.060189574141854545, 0.15818987689337158
100, 4, 16, 1, 2, 3.104010011334324, 3.7541779725368776, 0.06322750290161988, 0.1588110819778924, 3.1030414319161927, 3.7530308941645463, 0.06539004088495669, 0.16271138385496026, 2.961548067933349, 3.586830873989734, 0.044332772278415464, 0.12624222628623005, 2.8934210753894876, 3.550239894832496, 0.058243185374539576, 0.1570154345374625, 3.0022545765308712, 3.651871114070978, 0.06088504942369972, 0.1586090751191378
100, 4, 16, 2, 0, 3.2546819690115214, 4.233111966328366, 0.060960110092551825, 0.18929602998251646, 3.2398787697491973, 4.216823392181578, 0.061422079062192735, 0.1896247159279673, 2.7677643112719252, 3.701194979413608, 0.0379169484296839, 0.12299404880699621, 2.8537889258895883, 3.837584101108345, 0.04880997955287941, 0.15934194967138424, 3.154729272499483, 4.13531265305301, 0.057461189654493705, 0.18137763038918084
100, 4, 16, 2, 1, 3.2631407470103735, 4.238420138002078, 0.06015564869447884, 0.18722387385043116, 3.244263807451475, 4.225540991264907, 0.06162184094444119, 0.19010207220402414, 3.282010742739023, 4.1316752896521125, 0.029393211483093616, 0.09158229696655981, 2.9918823104005643, 3.972501546882752, 0.05343523884529088, 0.17073351525885788, 3.1338160293588673, 4.113772707196104, 0.056686643522680207, 0.17926536108458288
100, 4, 16, 2, 2, 3.2449774839736953, 4.220840755958701, 0.06003409756463558, 0.1868764474623156, 3.2402728039555893, 4.220793305404295, 0.061562646174735135, 0.18992091607786812, 2.9915626319987556, 3.952325256993387, 0.04715268031890777, 0.15296121522809358, 3.00368508307274, 3.9894058653261077, 0.0530700660188974, 0.17084403081131905, 3.1619743800922886, 4.140619384385149, 0.057845778523573484, 0.1818435019309014
100, 10, 4, 0, 0, 3.128445456951196, 2.810502181423727, 0.07003925799282659, 0.03964970289734392, 3.1298016896297987, 2.8138248666557875, 0.07178043374997792, 0.040123383298561154, 3.1010833842554164, 2.7897238070970283, 0.06855188194977865, 0.03928108682328268, 3.0971524520147184, 2.786855296677568, 0.06830318668687307, 0.039402725481589296, 3.119179650866702, 2.801652026102609, 0.06976599314191173, 0.03954862515127754
100, 10, 4, 0, 1, 3.128300326176201, 2.810628381387892, 0.07028305255900084, 0.03964729462281057, 3.129878315306124, 2.8120078777615847, 0.07163171828914458, 0.04022025882185092, 3.113188376929293, 2.851087019710771, 0.056462300379605014, 0.037414599560906904, 3.0958552530490233, 2.7846923030283603, 0.06850395477146082, 0.039261131284767666, 3.124354204019089, 2.8065624945863314, 0.0697305975220488, 0.03949768320936154
100, 10, 4, 0, 2, 3.143527984074016, 2.8208327514158706, 0.07082165129832717, 0.04010023186987534, 3.1222116658850507, 2.804250968383468, 0.07176538904729315, 0.04000768453498482, 3.112447202349545, 2.82569431723337, 0.060070459801136296, 0.03775953860443259, 3.1159560158111006, 2.7987121450142993, 0.06957125347165623, 0.03943694505524101, 3.1188413439087355, 2.801879696871554, 0.06961835582237333, 0.03955761909026697
100, 10, 4, 1, 0, 2.77793108020292, 2.891401863386976, 0.015805560780079716, 0.06342022337411732, 2.7302490506305217, 2.8446881297583704, 0.016058219687988613, 0.06503015418318674, 2.643855000929139, 2.760793789882287, 0.014948325953140072, 0.061640582912221034, 2.599402300473277, 2.7170660565628464, 0.014632702781747458, 0.0618195312176006, 2.716395846885162, 2.8309009652395356, 0.015448695212707255, 0.06304563878185941
100, 10, 4, 1, 1, 2.739810832741581, 2.853563851211461, 0.015692311802102676, 0.06389494367400284, 2.728023939406933, 2.842603105006985, 0.016096429156039132, 0.06507225222457348, 2.6057806420020544, 2.7239243695282847, 0.014652526368790778, 0.06130979377643199, 2.6037827063370047, 2.721861283858831, 0.01463991498295724, 0.061451602113423896, 2.7239744933092673, 2.8386147453366886, 0.015473355766203536, 0.06318018701882441
100, 10, 4, 1, 2, 2.7328337857448184, 2.847116495536367, 0.01564323713883702, 0.06340816133668563, 2.7446541225204815, 2.8560620961082313, 0.01610465870299018, 0.06506973539239325, 2.6182007647178254, 2.7352349789538333, 0.0147925303632898, 0.061949530778639815, 2.5684113032233915, 2.6879161486414875, 0.014419553165715485, 0.06080482076714686, 2.719679173579231, 2.8340250478866587, 0.015484377620446419, 0.06312361773287262
100, 10, 4, 2, 0, 2.906262762637308, 3.1134566999906457, 0.07084604908192893, 0.035648970138900296, 2.931045663940739, 3.1366569627201506, 0.07258403930985274, 0.036271725387883105, 2.5822243069455046, 2.810053382385057, 0.055928719349025914, 0.03275989898071193, 2.6737619290633385, 2.8941105682184114, 0.055705161114184124, 0.032724103260539754, 2.890654938159856, 3.098341890588741, 0.07025095752066365, 0.03546904043770523
100, 10, 4, 2, 1, 2.890756341393036, 3.0948367836856883, 0.07074081449825449, 0.035178606349792606, 2.9302576102369433, 3.136475505961647, 0.07253052777536398, 0.03614878476169972, 2.805446007725349, 3.0197435874917042, 0.06795498859726404, 0.03504544643462837, 2.8069643417163217, 3.0231283169699643, 0.06788097050236157, 0.035005427146249615, 2.895457707719632, 3.1031310642776644, 0.07014466634996831, 0.035438804823520374
100, 10, 4, 2, 2, 2.909727435528881, 3.11786002018061, 0.07106379572892144, 0.035723830932065895, 2.930621566356875, 3.1360674133465865, 0.07246124954744157, 0.0363507874952365, 2.6431320305126347, 2.8811660301564825, 0.03833864667900877, 0.02832563437399971, 2.7773214075999664, 2.9953288466687815, 0.06654073867057357, 0.03478112825616019, 2.8845261371458073, 3.0919859624586796, 0.07017225201125898, 0.035436575547131845
100, 10, 8, 0, 0, 3.697942998588205, 3.3160229521376987, 0.08609043127331116, 0.11995927733998224, 3.699183184204986, 3.316606601312025, 0.08688436069737196, 0.12100030438093509, 3.655183122322594, 3.278878374081269, 0.06945143633954705, 0.09824260568403857, 3.6737101758523383, 3.291941966622358, 0.08494451888834449, 0.11880406315145658, 3.6877408170983546, 3.305578794537996, 0.08573128433186855, 0.11943431005707189
100, 10, 8, 0, 1, 3.7017907216366464, 3.319636301888479, 0.08630707542923909, 0.12028028421040456, 3.6986722022536322, 3.3160449892111807, 0.08697184844439274, 0.121863245781769, 3.4958857659613343, 3.1102447652959135, 0.073717535059279, 0.10010518081997809, 3.637730130000065, 3.255855859372877, 0.08344667928819688, 0.11610481663581798, 3.6905938871001203, 3.308936589913963, 0.08559539572805415, 0.11942755093871336
100, 10, 8, 0, 2, 3.6978870611905807, 3.316054965768293, 0.08605846627877146, 0.11987013721634855, 3.721444957462753, 3.342737770468455, 0.08675021843354726, 0.1218613392255985, 3.594815746232423, 3.222194471893916, 0.05679559280466883, 0.0782220741318523, 3.6467713471787806, 3.265055088196295, 0.08429639334894501, 0.11753909225186102, 3.6929938625185605, 3.3112490358096496, 0.08566424236740885, 0.11953367351884323
100, 10, 8, 1, 0, 3.455828129113902, 2.863809106709953, 0.0567869709092013, 0.022534084707542167, 3.456085002192042, 2.863509103076046, 0.05758500409878932, 0.023284867419188, 3.3603838991296056, 2.739636750024489, 0.02338508785938277, 0.01352785117982481, 3.395097025725665, 2.8018579841490525, 0.054432588619779954, 0.02173784812268356, 3.4335199980462847, 2.8408577470441623, 0.055741035431630656, 0.02228877692395986
100, 10, 8, 1, 1, 3.4546611428869562, 2.8630344406963757, 0.05651016247311987, 0.022553123243485147, 3.456979974627472, 2.864160525035479, 0.057479754715862565, 0.0231353427576348, 3.282428802405513, 2.6817532873999057, 0.04962236935848023, 0.02026916688424629, 3.366674710682465, 2.7727099697087705, 0.053567923707399705, 0.021468954823743613, 3.4484493400139704, 2.8543866913399554, 0.05605653290438803, 0.022370031189087765
100, 10, 8, 1, 2, 3.4492697087327606, 2.856942331180076, 0.05661623848558991, 0.022531388704491173, 3.4572559602633666, 2.8645098926327934, 0.057812077327922345, 0.023322062061736076, 3.4110928183645237, 2.816105322596538, 0.05480873651945193, 0.02202984091080991, 3.387688415470983, 2.796075784451914, 0.05462093861845363, 0.021818246601657123, 3.4308350451946765, 2.8379310787152736, 0.05582835398991947, 0.02232349311374378
100, 10, 8, 2, 0, 2.903099028286275, 3.543696154545885, 0.023932181678821544, 0.09366388158344897, 2.900909341264279, 3.5370523762569674, 0.024185976561276332, 0.09382733713304815, 2.6882645581137905, 3.323615148822959, 0.02190978407390463, 0.08827753812489829, 2.7930818263899986, 3.435825651031231, 0.02273022182910639, 0.09155045579898476, 2.8752097854294734, 3.5172351009756415, 0.023359000506907496, 0.09221373430761946
100, 10, 8, 2, 1, 2.9045102164952112, 3.543784856544761, 0.023921797031303225, 0.09355332944788963, 2.8919262869764717, 3.5308945782398387, 0.024165762843908464, 0.0937122808539268, 2.7731914145850762, 3.416715699862284, 0.02255735666611819, 0.0903315224238836, 2.708050415273848, 3.356338273452245, 0.022097975731447388, 0.08936988026901276, 2.8726907493541116, 3.5123713113603747, 0.02346041575625259, 0.09236683124197707
100, 10, 8, 2, 2, 2.9037953649839565, 3.54487726654699, 0.023929470861969015, 0.09355661542506712, 2.891554076162181, 3.5301439118184086, 0.024129090387739936, 0.09380507652567174, 2.8171969259370946, 3.4603757807152844, 0.022680923530549953, 0.09103285884691782, 2.777002353388764, 3.4246867400939505, 0.02258533954702279, 0.09099057876746967, 2.8837273838228286, 3.5247503009779986, 0.023461879244497195, 0.09240974346249746
100, 10, 16, 0, 0, 3.330874242554654, 4.18083451878451, 0.03309262862000903, 0.05317085542322141, 3.3531517689580914, 4.193674416069146, 0.033678840696057644, 0.05430823170017131, 3.2269558861195566, 4.083505437736877, 0.031003330563816333, 0.051406337721768634, 3.301282576095972, 4.149974282257417, 0.032010313649879385, 0.052308881390211545, 3.289186708728891, 4.13950184840669, 0.03198761097780023, 0.052238439175189576
100, 10, 16, 0, 1, 3.3325113110790334, 4.1829958030025, 0.03309210587422484, 0.05324087748113453, 3.328745265249488, 4.1785454902346295, 0.03381787691924159, 0.05428879294954535, 3.0998283835341724, 3.957090286213302, 0.02702669556768619, 0.04813239027214745, 3.2955959522070155, 4.146684206387132, 0.03202889524436837, 0.05225660354198505, 3.271602150285555, 4.126427835730752, 0.031857844852075066, 0.05211003751064417
100, 10, 16, 0, 2, 3.368740046528526, 4.208765255992983, 0.03293507294411295, 0.05277429385114454, 3.3349246650613233, 4.184481261674333, 0.03387879679722905, 0.054232504885067284, 3.0003416223869626, 3.8182146438160087, 0.025561723365029796, 0.04729641638152564, 3.2581618361822486, 4.10863904810716, 0.031316430882638295, 0.0515857004260459, 3.3154714293584857, 4.163933269859502, 0.03228392835873689, 0.05253971657550516
100, 10, 16, 1, 0, 3.6454750849002786, 4.067868113846749, 0.19786395510972676, 0.02492995824954891, 3.6628233869481406, 4.083707564176423, 0.2004234090229146, 0.025170729165476313, 3.604367680342377, 4.0326155524382035, 0.19521717940228006, 0.02462523755468281, 3.582011741957577, 4.012059775310523, 0.19257958814430506, 0.024982316048513552, 3.614001152609882, 4.039909619745773, 0.19660799921698563, 0.024783273356465827
100, 10, 16, 1, 1, 3.6436631230743917, 4.0659691920645615, 0.1978831461363807, 0.02483514691857667, 3.667542081255545, 4.090379695761401, 0.2000672861465705, 0.025081873348574042, 3.453792943223803, 3.911440434953551, 0.18031386768339738, 0.024778093303454065, 3.5746677865344965, 4.002513180618902, 0.19438449873830146, 0.024944354407940197, 3.617274629423607, 4.0415778724272124, 0.19642257929459003, 0.024775326241162923
100, 10, 16, 1, 2, 3.6364666015816027, 4.059188071450318, 0.19808542421966432, 0.024632254232694027, 3.684200107661505, 4.102833909648654, 0.20022241188051512, 0.025121560349125403, 3.465858984715038, 3.9109216753931175, 0.1788768975609752, 0.02486231666884635, 3.596602072062068, 4.020590151706897, 0.19401039999178932, 0.024705987286389567, 3.638466275474484, 4.063154635072492, 0.19756122494092662, 0.024760320332909994
100, 10, 16, 2, 0, 3.0480701663293885, 4.538279907299028, 0.060776882716260645, 0.20769497066329834, 3.0688085392102673, 4.560002825619391, 0.06233780692960257, 0.21081701045990367, 2.967394072408984, 4.448536794503203, 0.05756909897183699, 0.2001508490662854, 2.939854147143839, 4.431146864895793, 0.058351837802451345, 0.1999900009345675, 2.9903552740852786, 4.479994071256864, 0.05953525952702329, 0.20435292019822912
100, 10, 16, 2, 1, 3.0448265915252617, 4.535150999595123, 0.0605978793055311, 0.20732030706354979, 3.0653562377490124, 4.557165673870338, 0.062340697579838636, 0.2107983999725465, 2.979239895441765, 4.467120515543347, 0.05822516403708468, 0.20321355453236392, 2.949295859179224, 4.4320515799391815, 0.05772032139051203, 0.19954772431395418, 3.015840184956621, 4.505777525575168, 0.05970938280684125, 0.2049174642767204
100, 10, 16, 2, 2, 3.0506238628887363, 4.540337171427717, 0.060763838510005136, 0.20759294549704016, 3.052396851095544, 4.54402711779774, 0.06249184642181832, 0.2109810637921393, 2.95500530828148, 4.433450161148694, 0.05577229460682661, 0.19966583444809502, 2.9949101054570453, 4.480618029450927, 0.05810509608267326, 0.20365696315117898, 3.0120926727074457, 4.50108702712688, 0.059659175687295715, 0.20447969096073607
1000, 4, 4, 0, 0, 3.337722563612476, 3.503007725761429, 0.16331371536358338, 0.40674150754432253, 3.3588164041086346, 3.521730582012518, 0.15971372310159365, 0.40420327911990894, 4.015353555543792, 4.179911103594356, 0.04132783425406827, 0.16686815050459677, 3.499347940133906, 3.6313429135190662, 0.05717675797896401, 0.15058327340065564, 4.3654166180312854, 4.534100059227456, 0.04557011704900433, 0.16323567003785064
1000, 4, 4, 0, 1, 3.2822197795488486, 3.4475573989967043, 0.15782551088975255, 0.3996863936060738, 3.2798416253924225, 3.437973895833023, 0.16062811035736732, 0.40342121099698747, 3.505369948389342, 3.668689308470821, 0.03066193238190223, 0.12937969222007395, 3.5551563176275702, 3.687752909516997, 0.017746275300279803, 0.06981719951625358, 4.018977310201505, 4.209461181340369, 0.04044018371670456, 0.18344971134595467
1000, 4, 4, 0, 2, 3.2794813319737997, 3.4447927127358144, 0.15729265035993825, 0.3992093505536036, 3.200259334319616, 3.3645256344075363, 0.16027888811219712, 0.40372031777547174, 4.3489740485196355, 4.508200794971005, 0.04412293191883489, 0.14714912357085086, 3.753208604166558, 3.9222730797846364, 0.03521041033329599, 0.14281979957535504, 3.761241377994404, 3.9371683653489637, 0.04968732976786013, 0.22403462284852477
1000, 4, 4, 1, 0, 3.412962238751028, 3.187722203508172, 0.20701659563906166, 0.36860663210063904, 3.403745888864082, 3.1788718984617064, 0.2020175145623542, 0.36218213513579, 3.870239118059958, 3.6726103411815445, 0.0720857450838978, 0.13954632300404776, 3.839632433371673, 3.637775964854342, 0.04784610701255019, 0.09871005037185908, 3.123640455751181, 2.909269028964704, 0.08366117202902702, 0.13992439729923956
1000, 4, 4, 1, 1, 3.387556790897206, 3.162750301949652, 0.2034555387882357, 0.36273723015114645, 3.3723722313268536, 3.1487510482562517, 0.20081700026193378, 0.36026350711118105, 4.309321585003335, 4.099248822015902, 0.029851235310929407, 0.05272432957873014, 4.470510474564324, 4.28590300883335, 0.03494539740281544, 0.06373825498745526, 3.7516251867407715, 3.5670352757423878, 0.03134534315269153, 0.06448284513400442
1000, 4, 4, 1, 2, 3.3934953351331356, 3.1689233125349743, 0.2044949811307089, 0.3651683010782698, 3.373554679999615, 3.149102901323917, 0.20159536455526758, 0.3616279691218989, 4.772689697099342, 4.59709004247646, 0.09022595651453631, 0.1617624739494668, 4.111802393972858, 3.9161999508875205, 0.04797064050822234, 0.0924224810390027, 4.219427329233128, 3.9999603387363294, 0.060002403507328016, 0.1004757982029758
1000, 4, 4, 2, 0, 3.489646023577383, 3.0558182474607105, 0.20729339965616206, 0.1918058520046909, 3.302319046521526, 2.8569100481992806, 0.20043069348916723, 0.18656904749422806, 4.345201716494895, 3.9923252881179327, 0.028480089791659367, 0.028736774490517914, 4.165440627269544, 3.832176765695565, 0.02604933895206105, 0.023454246366928208, 4.086372388182444, 3.7884511682382436, 0.025391866876300222, 0.027974163980858353
1000, 4, 4, 2, 1, 3.5622667786343722, 3.126423959908469, 0.16022970762258373, 0.15304497105736675, 3.494341090629155, 3.0621657653427405, 0.20321607355495677, 0.18915613227677733, 4.374535457023274, 4.0053508689864294, 0.04238692785618031, 0.05376180692652861, 4.688118682485155, 4.337973287351875, 0.051857076884174805, 0.059093866020960825, 4.19346372951069, 3.852849238373827, 0.054320328477700054, 0.06861082412060023
1000, 4, 4, 2, 2, 3.4737896508643975, 3.0392516634797517, 0.2045205115337357, 0.18947665283285733, 3.4688460079962327, 3.0362719539894103, 0.20282523542191355, 0.1885636774602478, 4.709449308360785, 4.3215333419663775, 0.04237849364578893, 0.05445678868361647, 4.145320462457891, 3.803579576314896, 0.05822705112423502, 0.06959902132816823, 5.485648205629432, 5.194358272796635, 0.05341393609987149, 0.05084633925982826
1000, 4, 8, 0, 0, 3.3204048195331533, 3.272775782520553, 0.11780089569463877, 0.09762022346798536, 3.2672697456735373, 3.222812870673404, 0.11343508426846813, 0.09357795660559384, 3.8929168524034714, 3.83636371478815, 0.030974266637257455, 0.023640814486495042, 3.6254363960389058, 3.5766838752565824, 0.023704895964099068, 0.019298628069634727, 4.328032948694081, 4.281435484070173, 0.023356618469216883, 0.020701985413372453
1000, 4, 8, 0, 1, 5.017765254558582, 4.958363598481765, 0.04722283598564752, 0.03433902630073932, 3.272674253451857, 3.228898469415606, 0.11323870711701119, 0.09345794195753986, 3.9388518508058477, 3.884510617095635, 0.028253517846600785, 0.021714852560520387, 3.6973797953116723, 3.6429149301181387, 0.02659408032252653, 0.0214524300051109, 3.5085268894257005, 3.45563289686471, 0.03358972265524373, 0.026733036676537005
1000, 4, 8, 0, 2, 3.2843431019621026, 3.2369599812663337, 0.11523439687680484, 0.09520784785307831, 3.2627278336913488, 3.218288651731054, 0.11335733349165635, 0.09361210387149353, 3.73007818549465, 3.6799829203823284, 0.03027918458620241, 0.02321444998382325, 3.7706598964521634, 3.7198844083449463, 0.02849373933474829, 0.02288797680613466, 3.6023287415828236, 3.5475212884951643, 0.03458028256337897, 0.026006159450227266
1000, 4, 8, 1, 0, 3.6090498547018597, 3.4021605785467184, 0.26217781202257795, 0.17084608884180083, 3.5674786178658775, 3.367724914644998, 0.25202140941278106, 0.16244940436399602, 4.89860165897626, 4.7531750450176125, 0.07628567399706367, 0.04622699158052075, 4.629313317202507, 4.470122177931757, 0.07016672659482584, 0.041556032783630854, 5.019263429758556, 4.8654289422904125, 0.07399858803301228, 0.04877944560898135
1000, 4, 8, 1, 1, 3.5815540144172657, 3.3744357669166245, 0.258080427948184, 0.16742418876511433, 3.543600279204469, 3.3468541396252642, 0.25048348452396535, 0.16136305238881316, 4.65227936458891, 4.50288767554815, 0.06598427476946594, 0.03986595937414973, 3.9557980702236413, 3.830194412728823, 0.08013148593031698, 0.04761756461860991, 4.539464993718421, 4.380310168289933, 0.13358416611535923, 0.07649066186845381
1000, 4, 8, 1, 2, 3.5918283531949573, 3.3847168331605793, 0.2609524217253046, 0.16978554449611313, 3.580870473067278, 3.383115834011107, 0.2522657303631067, 0.1628178534335362, 4.221312228887453, 4.0553896396032645, 0.0901077990217586, 0.059655432234559526, 5.211348436728162, 5.078709669718578, 0.07091303402256352, 0.050935618922721554, 3.955755923994005, 3.7749199606060997, 0.06190643014446409, 0.03801616637727771
1000, 4, 8, 2, 0, 3.5143405402507857, 3.390858415448904, 0.1945851527971649, 0.18971632970099506, 3.128151938170522, 3.014076925836094, 0.18676510626320802, 0.18266816924798646, 3.5609012140810368, 3.404439023226502, 0.0735510523244882, 0.08042824278766886, 4.29130936331547, 4.133909490625652, 0.05919797904986662, 0.06507751105409956, 4.417405499142321, 4.30781786723515, 0.05320031664501996, 0.05923098904410696
1000, 4, 8, 2, 1, 4.434906707117857, 4.347464557178355, 0.1113428876976961, 0.11289009962612145, 3.4726375162840566, 3.353648592059493, 0.19015537684462652, 0.1857666074211081, 4.6235890744836965, 4.452428911223622, 0.06233659378683362, 0.06831296925190364, 3.6949871556765683, 3.6230397483651853, 0.037915936937974945, 0.042649721488712454, 4.322150012527964, 4.17213515208326, 0.05861288492336005, 0.0671302583816284
1000, 4, 8, 2, 2, 4.018112085043287, 3.926260844616689, 0.13072966628550664, 0.12994179614190954, 3.499163224895486, 3.3806560643582033, 0.19045799940578392, 0.18594700899843083, 4.0505432487223985, 3.8775694480255263, 0.056831134663852326, 0.06448400463704501, 4.037800325188625, 3.9202784617883344, 0.050716424371059644, 0.05891080458395462, 4.680997561600424, 4.606666673100473, 0.053188145109723105, 0.06243394885012297
1000, 4, 16, 0, 0, 3.2700666348563936, 3.2025184388941677, 0.1313056064690491, 0.09731660358646577, 3.2102151387324764, 3.143425815656261, 0.12745199063159537, 0.09415380006180388, 3.923377303684032, 3.849965758739713, 0.0258034917761101, 0.023336945171313815, 3.57184442393867, 3.4811315647054526, 0.028273949054665622, 0.023796318692340543, 3.922960344843339, 3.8428462613178667, 0.035458848476656604, 0.029635113281694755
1000, 4, 16, 0, 1, 3.2397035399848364, 3.170360491959788, 0.1267118574563534, 0.0934226501122663, 3.24747465357039, 3.1812482655835495, 0.12683992281541648, 0.09362970826096628, 3.7489108298109937, 3.6722923335190614, 0.0325523378207658, 0.025708730973594232, 3.641466067116668, 3.570315964219074, 0.03141201205106012, 0.026148559974563355, 3.357982739868741, 3.2733343540548874, 0.036052587526018275, 0.02844127691015298
1000, 4, 16, 0, 2, 3.2115084167315113, 3.1434202585337334, 0.12867343865631295, 0.09501160065125136, 3.2483522277053667, 3.1812232903415674, 0.12835591128826962, 0.09493328920974986, 4.185727156712938, 4.103296624707312, 0.0317482401749716, 0.02659779865833217, 3.4137419766240775, 3.3125637821324205, 0.017233257144640156, 0.01644917563043484, 3.7738198213574687, 3.6934102890404916, 0.02962178870158237, 0.02646599278745079
1000, 4, 16, 1, 0, 3.2835653095663124, 3.609137750892549, 0.32179839364253865, 0.21880903737430146, 3.274565074169202, 3.5965887624518866, 0.3187423215205503, 0.21395291751775494, 4.4644243320585275, 4.729504844186053, 0.1083498594109236, 0.05600968058428947, 4.049164673352858, 4.337488304043026, 0.11784554116190392, 0.08337828133179746, 3.422339203867462, 3.7231798278481643, 0.10232072042676277, 0.0626343861575305
1000, 4, 16, 1, 1, 3.2703643177031796, 3.5961024515293594, 0.32114200957794153, 0.2182306297420889, 3.347021617283101, 3.6713442373851595, 0.3220697035208189, 0.21775356840742466, 4.230582840127674, 4.506106015137132, 0.11431086207047392, 0.06766101226490487, 4.187221225335905, 4.490321117119938, 0.07497614021679941, 0.054529925683163366, 3.6382553865959144, 3.939202806354863, 0.13519335682589617, 0.07122057449573296
1000, 4, 16, 1, 2, 3.41423929974061, 3.7371728798379604, 0.3246200294163894, 0.22126703596285935, 3.269637834427766, 3.5915693853503496, 0.3185720303932852, 0.2139738649895987, 3.3622470160970606, 3.671779822051581, 0.11906429508492301, 0.0784745014005812, 3.753045864866339, 4.045901410996337, 0.07283030614420968, 0.044215890137757535, 3.786457230658076, 4.071962028194347, 0.12499491077683927, 0.0718965369254479
1000, 4, 16, 2, 0, 5.066054381993521, 5.005276441208684, 0.04252262160875493, 0.03836514060831679, 3.35601849608847, 3.352942433686499, 0.10594938694605482, 0.11107811566452118, 3.5158373052270795, 3.5004129542663986, 0.024005163263699763, 0.021591747828167328, 3.6928556537232966, 3.6940456404326314, 0.021039392122614332, 0.02023056972745071, 3.424634777855893, 3.423363248145491, 0.015253441878659861, 0.014573272614652367
1000, 4, 16, 2, 1, 3.3452411847837955, 3.3431841648805114, 0.10359296683834848, 0.10824221818460385, 3.3720408203351857, 3.3736586167773406, 0.10612203134232591, 0.11137220907815071, 3.7696213325191876, 3.7469270934150187, 0.02864555077043422, 0.026795649448330246, 3.542296668901165, 3.5460737821507395, 0.018549333843293606, 0.018138864490401238, 3.53459148013648, 3.547492382851817, 0.016085648814499195, 0.01577370229471586
1000, 4, 16, 2, 2, 3.416553139450962, 3.4183499237737682, 0.11094911171153522, 0.11714232825276938, 3.3716948125899435, 3.3712937697517833, 0.10544688324403055, 0.11022938849531826, 3.982100935406183, 3.9859094213105153, 0.018687301684778314, 0.018558726812399323, 3.3683914451323456, 3.3730006772076746, 0.01567771123637308, 0.014961147147969254, 3.9215243052667312, 3.921997868002693, 0.018217188137577233, 0.01872338888261639
1000, 10, 4, 0, 0, 3.2917903159905895, 3.1547302531946286, 0.06407498834954681, 0.050099875856024476, 3.2912920790898488, 3.167689210590441, 0.06239977328381571, 0.048622262342252025, 3.5608067654594793, 3.4490492104463923, 0.01514987098831132, 0.014904114325119698, 3.3420879288156016, 3.2385408679554413, 0.01779061300734811, 0.016834409485309076, 3.450359525029097, 3.3312523342487017, 0.016716934362573484, 0.015755985244939506
1000, 10, 4, 0, 1, 3.31116755057835, 3.1721232409317253, 0.0654394338176669, 0.05122013565009659, 3.1537081812357166, 2.994108672312131, 0.06264011560295066, 0.048759385737908216, 3.8341200823769155, 3.7549483823968295, 0.01622592660668608, 0.016197756390982997, 3.334721822100966, 3.238935207407002, 0.017713837762133505, 0.01662521856051607, 3.112744332340789, 3.000917238314096, 0.014757532958462589, 0.014192203245129664
1000, 10, 4, 0, 2, 3.3281206642837646, 3.188814923228719, 0.06605055148197118, 0.051637163161922565, 3.319919679316429, 3.187524930201492, 0.06329724503416097, 0.049263368015617516, 3.1202335204609137, 3.0131718717934795, 0.01271756567528284, 0.012629529091748902, 3.2935497972169965, 3.2052805236924797, 0.019365701196877052, 0.017950142719605326, 3.5884697169123223, 3.47263000053985, 0.014055178057216802, 0.013848987819452114
1000, 10, 4, 1, 0, 3.2624580457490486, 3.2042778975116506, 0.06345799063437405, 0.046487954729210225, 3.2755561472847767, 3.217617510152668, 0.06412703202762894, 0.0469331097704778, 3.4136450404455725, 3.3320914487956523, 0.020085759837728742, 0.015050743446564343, 3.261760722906019, 3.241940414007397, 0.028957313616184643, 0.022034514553364623, 2.9655217965487717, 2.921239586064459, 0.022121022492833233, 0.017673011212377753
1000, 10, 4, 1, 1, 3.30700146977718, 3.249098544575958, 0.0660536136967674, 0.04872135284398696, 3.1199513207131706, 3.076971062790225, 0.06374448066616213, 0.04652278374538196, 3.6510530041539155, 3.598654583607761, 0.018549657993439952, 0.014816094575921061, 3.161452292763971, 3.111928868781977, 0.020483368789641118, 0.016015169955716738, 3.7052063682082848, 3.6351951237209112, 0.018299969931533416, 0.01475237325481091
1000, 10, 4, 1, 2, 3.2890592913088157, 3.231253300954218, 0.06611121256970329, 0.04874988234922733, 3.2408855601187185, 3.186239060393281, 0.06404026304327533, 0.046891467466931396, 3.6953469507461496, 3.5830900755595505, 0.02764282142576768, 0.019988211540798217, 3.3850851617562556, 3.305379256607702, 0.017671760878557412, 0.014598721084226931, 3.3013496692650666, 3.2321480482486034, 0.02896795671608402, 0.02120407753712818
1000, 10, 4, 2, 0, 3.5612205942850474, 3.4692391015077093, 0.11699557268637402, 0.061954392523323173, 3.4138485193805588, 3.32448613209393, 0.11641125060710993, 0.061277075129355985, 3.0978937220427873, 3.0050702209791345, 0.0646270165501231, 0.031010637407515713, 3.7447730966741544, 3.6679339370314064, 0.05463559499579162, 0.029625727309422843, 3.488056222890431, 3.4138438747831445, 0.05857612054204517, 0.03230067690793021
1000, 10, 4, 2, 1, 3.430448121162867, 3.3431872197429766, 0.11708183641807193, 0.06224833345062739, 3.3093936565275355, 3.223921749536325, 0.11620858129958687, 0.061064143452698984, 3.433630954576215, 3.3405098408001797, 0.05833648709857513, 0.02861487128939662, 3.754881393864607, 3.659951743141839, 0.058131427382138626, 0.029139264083185405, 3.5277422937172767, 3.447026774647599, 0.0590317828999289, 0.03206808319947959
1000, 10, 4, 2, 2, 3.428462755192999, 3.340778404907911, 0.11733601612039699, 0.06240565612822465, 3.4079767117932716, 3.3177213813043926, 0.11565351398763608, 0.060708733309407376, 3.7188174905278206, 3.6296000892805638, 0.04921350157715747, 0.023587300347437463, 3.404605076122237, 3.3055952532108432, 0.02423750615711029, 0.015651134439352326, 3.670564062318926, 3.5928862206579444, 0.06284883581837525, 0.03554405094190283
1000, 10, 8, 0, 0, 3.146735959647593, 3.058931772593273, 0.05488514393267213, 0.036602059194025795, 3.150905103285159, 3.064499435269841, 0.05893797226664552, 0.04013931236807952, 3.424790347347996, 3.3407873999878253, 0.014801628194116798, 0.012940345751727016, 2.956818554919161, 2.888109428614234, 0.013847471859078796, 0.012636097377194854, 3.241935684784877, 3.162021254158992, 0.014225889833288602, 0.01353846571915844
1000, 10, 8, 0, 1, 3.202863343467135, 3.1184822877694653, 0.060447889909694186, 0.0415070523808268, 3.2230518764370677, 3.131540168012341, 0.05967051609451019, 0.04075283598036991, 3.5663820362284966, 3.46371665607053, 0.030184154681417063, 0.0207088203630614, 3.2204175898910816, 3.1601696181528576, 0.014415216692966725, 0.012157263940639724, 3.377169557036884, 3.296185461045905, 0.01581478917472319, 0.014157542415700532
1000, 10, 8, 0, 2, 3.2033658339075757, 3.1190401252823836, 0.060609953909328294, 0.04169335465889474, 3.0757115141932863, 2.9871105626546117, 0.059205834194848, 0.04025974426149831, 3.993480493782067, 3.9118624801140474, 0.01536713775596654, 0.014829694688021764, 2.8455941621126777, 2.76344924166788, 0.01844477991929038, 0.014511355561767764, 3.1166925509625343, 3.0588623927768595, 0.01451302019461007, 0.012593451783734552
1000, 10, 8, 1, 0, 3.2818661781481673, 3.3706379614086512, 0.04293147582934661, 0.07007504209319443, 3.2538870089706378, 3.345467216588611, 0.041641676637562484, 0.06827582687592916, 2.8287304394543726, 2.939018698326205, 0.010757280690663899, 0.016450496731348394, 3.388920319463057, 3.5074781881204165, 0.015571786998659966, 0.030676490720003582, 3.1287340978110305, 3.2588624206903387, 0.012990497925430543, 0.023893425111759937
1000, 10, 8, 1, 1, 3.251205567711312, 3.3414658077694424, 0.04187798124440997, 0.06876266640515188, 3.190325812754549, 3.279917686745005, 0.04126057595910019, 0.06787011481291592, 2.4750854876293604, 2.576042911713232, 0.009700996655535374, 0.01409994667625992, 3.244962702988181, 3.3680180597196556, 0.012240166704242366, 0.02105536789960882, 3.45152368415913, 3.563986698056005, 0.013132987766640604, 0.02057408658037333
1000, 10, 8, 1, 2, 3.232367125941702, 3.323849060712026, 0.04112245514278851, 0.06777256925018378, 3.22990045942132, 3.321105997935641, 0.04119513099216262, 0.0677462337450657, 2.7487554555517955, 2.876969781688369, 0.010721360462525215, 0.019279535970117268, 3.4051200819508165, 3.538766709207383, 0.012963612395094934, 0.02250406547194124, 3.0388206583267516, 3.1589701129620016, 0.011684749338962713, 0.020466972962358627
1000, 10, 8, 2, 0, 3.5788237125896325, 3.3806895417822336, 0.06848734380688214, 0.034935009081989626, 3.507909641030571, 3.3134877436478525, 0.06490722727003109, 0.03319269420539224, 3.288277722509298, 3.1030965323487343, 0.012905436820454518, 0.011038055239982282, 3.541386935163982, 3.338272564272678, 0.015432576140582539, 0.012242473665662402, 3.709117627646475, 3.531457374474752, 0.01472654568858595, 0.011884435835234101
1000, 10, 8, 2, 1, 5.358973142679393, 5.242607685335618, 0.027685450836675635, 0.018424735839707957, 3.493325747278474, 3.296257154666204, 0.06453618975468596, 0.03292723224068512, 3.3752588917582154, 3.1865822487546454, 0.012979157326562343, 0.01079517725775914, 3.345132022538243, 3.158202203078388, 0.014327776460858923, 0.011624819147721442, 3.717610976612161, 3.53187875638956, 0.015767027062997454, 0.012505253483680033
1000, 10, 8, 2, 2, 3.537117891007635, 3.3398890819918514, 0.06678154938943769, 0.03402372746763165, 3.513340278456386, 3.3168365978142402, 0.06479318557928924, 0.03307639194967531, 3.472287708949833, 3.2940918206850998, 0.014563488436590506, 0.011425317819790176, 3.4302023562614106, 3.2477054525229168, 0.013579083629716346, 0.011625685256435585, 3.916530041247584, 3.738347121120385, 0.01716788800545312, 0.013611016030408915
1000, 10, 16, 0, 0, 3.284896392104625, 3.544368985594271, 0.08351983875555656, 0.05121299392305127, 3.1876173061577524, 3.4475902408632493, 0.08175656265813917, 0.04997011883089737, 3.0344810322896696, 3.27703494026928, 0.019418349603426335, 0.017612349573678823, 3.682341571748985, 3.9268437103459224, 0.03739827601440288, 0.03078988218286853, 3.3389533744654933, 3.582545576035606, 0.024867785439150063, 0.021737897542379796
1000, 10, 16, 0, 1, 3.264773660429763, 3.5248722582428424, 0.08360795002767765, 0.051205117497193496, 3.160389361441306, 3.4222405414278696, 0.08156985008017989, 0.04978866228230362, 3.7004105500050235, 3.9449258316684577, 0.02542185546022777, 0.02483116805296833, 3.5415140680404957, 3.7825062615446354, 0.029006824550135722, 0.024737677473250688, 3.603933518068061, 3.838203078030765, 0.026319250444995522, 0.022489084501332267
1000, 10, 16, 0, 2, 3.2085080244770596, 3.461857035400911, 0.07710873818668665, 0.0477213643268207, 3.2667261257472253, 3.5243949867988325, 0.08287312575342891, 0.050649169747878586, 3.293208441163322, 3.5316847190212886, 0.022506563819992872, 0.020255992999021595, 3.110952418650229, 3.354663616978121, 0.031035645872361906, 0.024138534823990816, 3.0613324239936173, 3.2966845623190597, 0.026918787709889126, 0.021561573969828166
1000, 10, 16, 1, 0, 3.3781682174556513, 3.112047595452562, 0.07576924094978722, 0.045211483995794666, 3.407196282012196, 3.1398326526306177, 0.08272915171617934, 0.04938221432946701, 3.4683843451243535, 3.228247295596032, 0.026390742126019318, 0.01745365928406912, 3.5976326478779135, 3.350347703893354, 0.03291085829579852, 0.02194812638537324, 3.172740835254274, 2.908337984104806, 0.029752507827264733, 0.02045486761411825
1000, 10, 16, 1, 1, 3.4577059536324253, 3.1831872025552537, 0.08441995922305949, 0.050376500121607076, 3.2533823268990423, 2.979601242236357, 0.08152611664076764, 0.048425664014725346, 2.9715999308021743, 2.701482284108102, 0.02434159695988705, 0.01672723308095949, 3.5708466645393635, 3.323298279517033, 0.023406650239617265, 0.016295824975087452, 3.3801119816290277, 3.1392649791966716, 0.020187191531203227, 0.014586259993186511
1000, 10, 16, 1, 2, 3.4345174651929167, 3.16154196011221, 0.08338886229197741, 0.0497595729091313, 3.2731659740299657, 3.0008407374045616, 0.08099075582752539, 0.048082796743325204, 4.416480359049341, 4.163093935995355, 0.025670013824544386, 0.018406451420937647, 3.142324175905853, 2.898773926238928, 0.024157928221984183, 0.016795911586169665, 3.6385762207756898, 3.3827685116570088, 0.026513081038463848, 0.018354696143919106
1000, 10, 16, 2, 0, 3.2647146023814173, 3.043738737565285, 0.05552848343646596, 0.03911258515933036, 3.1640974413003176, 2.9404401231983304, 0.056762569235962415, 0.03982524118499701, 3.1730960682112572, 2.981518235166058, 0.015256190876885936, 0.01248419743566306, 4.106683875369151, 3.942463678794891, 0.024044616325164036, 0.019873339472219864, 3.0668615571307396, 2.886487005831009, 0.013212559598150158, 0.012295521310186635
1000, 10, 16, 2, 1, 3.27836537904849, 3.055313666186786, 0.05641685245070195, 0.03967627120534758, 3.282854950469711, 3.061070142293453, 0.05751388835854136, 0.040478478057834354, 3.3355666301199807, 3.137924264987407, 0.017068115035090915, 0.015239821179662875, 2.816046628496231, 2.618243480333303, 0.01199716433757818, 0.011489189165555492, 3.3151553881647464, 3.125599039133156, 0.01503287476592311, 0.013825123991467035
1000, 10, 16, 2, 2, 3.3632590100248496, 3.1338934043804176, 0.061128352176260094, 0.04288378111760399, 3.3056327247829986, 3.0877576434329823, 0.05738656805942718, 0.04020338622220867, 3.291747617935788, 3.1117615794537494, 0.014429121183646261, 0.013107276350649984, 2.966814149868363, 2.7636827437548384, 0.018399202980414718, 0.0147150619014974, 3.2309723101918815, 3.0330878257615583, 0.014674166318509155, 0.013273782262698743
